Leg	Site	H	Cor	T	   Sc	LL(m)	CL(m)	Top(mbsf)	Comment

159	 959	A	  1	H	    1	 1.50	 1.50	     0.00
159	 959	A	  1	H	    2	 1.50	 1.50	     1.50
159	 959	A	  1	H	    3	 1.50	 1.50	     3.00
159	 959	A	  1	H	    4	 1.50	 1.50	     4.50
159	 959	A	  1	H	    5	 1.50	 1.50	     6.00
159	 959	A	  1	H	    6	 1.32	 1.32	     7.50
159	 959	A	  1	H	   CC	 0.26	 0.26	     8.82	6 CM TO PALEO
159	 959	A	  2	H	    1	 1.50	 1.50	     9.10
159	 959	A	  2	H	    2	 1.50	 1.50	    10.60
159	 959	A	  2	H	    3	 1.50	 1.50	    12.10
159	 959	A	  2	H	    4	 1.50	 1.50	    13.60
159	 959	A	  2	H	    5	 1.50	 1.50	    15.10
159	 959	A	  2	H	    6	 1.50	 1.50	    16.60
159	 959	A	  2	H	    7	 0.63	 0.63	    18.10
159	 959	A	  2	H	CC(7)	 0.26	 0.26	    18.73	5 CM TO PALEO
159	 959	A	  3	H	    1	 1.50	 1.50	    18.60
159	 959	A	  3	H	    2	 1.50	 1.50	    20.10
159	 959	A	  3	H	    3	 1.50	 1.50	    21.60
159	 959	A	  3	H	    4	 1.50	 1.50	    23.10
159	 959	A	  3	H	    5	 1.50	 1.50	    24.60
159	 959	A	  3	H	    6	 1.50	 1.50	    26.10
159	 959	A	  3	H	    7	 0.71	 0.71	    27.60
159	 959	A	  3	H	CC(7)	 0.33	 0.33	    28.31	5 CM TO PALEO
159	 959	A	  4	H	    1	 1.50	 1.50	    28.10
159	 959	A	  4	H	    2	 1.50	 1.50	    29.60
159	 959	A	  4	H	    3	 1.50	 1.50	    31.10
159	 959	A	  4	H	    4	 1.50	 1.50	    32.60
159	 959	A	  4	H	    5	 1.50	 1.50	    34.10
159	 959	A	  4	H	    6	 1.50	 1.50	    35.60
159	 959	A	  4	H	    7	 0.77	 0.77	    37.10
159	 959	A	  4	H	CC(7)	 0.57	 0.57	    37.87	5 CM TO PALEO
159	 959	A	  5	H	    1	 1.50	 1.50	    37.60
159	 959	A	  5	H	    2	 1.50	 1.50	    39.10
159	 959	A	  5	H	    3	 1.50	 1.50	    40.60
159	 959	A	  5	H	    4	 1.50	 1.50	    42.10
159	 959	A	  5	H	    5	 1.50	 1.50	    43.60
159	 959	A	  5	H	    6	 1.50	 1.50	    45.10
159	 959	A	  5	H	    7	 0.75	 0.75	    46.60
159	 959	A	  5	H	CC(7)	 0.25	 0.25	    47.35	5 CM TO PALEO
159	 959	A	  6	H	    1	 1.50	 1.50	    47.10
159	 959	A	  6	H	    2	 1.50	 1.50	    48.60
159	 959	A	  6	H	    3	 1.50	 1.50	    50.10
159	 959	A	  6	H	    4	 1.50	 1.50	    51.60
159	 959	A	  6	H	    5	 1.50	 1.50	    53.10
159	 959	A	  6	H	    6	 1.50	 1.50	    54.60
159	 959	A	  6	H	    7	 0.64	 0.64	    56.10
159	 959	A	  6	H	CC(7)	 0.31	 0.31	    56.74	5 CM TO PALEO.
159	 959	A	  7	H	    1	 1.50	 1.50	    56.60
159	 959	A	  7	H	    2	 1.50	 1.50	    58.10
159	 959	A	  7	H	    3	 1.50	 1.50	    59.60	IW 145-150 CM
159	 959	A	  7	H	    4	 1.50	 1.50	    61.10
159	 959	A	  7	H	    5	 1.50	 1.50	    62.60
159	 959	A	  7	H	    6	 1.50	 1.50	    64.10
159	 959	A	  7	H	    7	 0.71	 0.71	    65.60
159	 959	A	  7	H	CC(7)	 0.38	 0.38	    66.31	4 CM TO PALEO
159	 959	A	  8	H	    1	 1.50	 1.50	    66.10
159	 959	A	  8	H	    2	 1.50	 1.50	    67.60
159	 959	A	  8	H	    3	 1.50	 1.50	    69.10
159	 959	A	  8	H	    4	 1.50	 1.50	    70.60
159	 959	A	  8	H	    5	 1.50	 1.50	    72.10
159	 959	A	  8	H	    6	 1.50	 1.50	    73.60
159	 959	A	  8	H	    7	 0.64	 0.64	    75.10
159	 959	A	  8	H	CC(7)	 0.28	 0.28	    75.74	4 CM TO PALEO.
159	 959	A	  9	H	    1	 1.50	 1.50	    75.60
159	 959	A	  9	H	    2	 1.50	 1.50	    77.10
159	 959	A	  9	H	    3	 1.50	 1.50	    78.60
159	 959	A	  9	H	    4	 1.50	 1.50	    80.10
159	 959	A	  9	H	    5	 1.50	 1.50	    81.60
159	 959	A	  9	H	    6	 1.00	 1.00	    83.10
159	 959	A	  9	H	    7	 0.53	 0.53	    84.10
159	 959	A	  9	H	CC(7)	 0.47	 0.47	    84.63	4 CM TO PALEO.
159	 959	A	 10	H	    1	 1.50	 1.50	    85.10
159	 959	A	 10	H	    2	 1.50	 1.50	    86.60
159	 959	A	 10	H	    3	 1.50	 1.50	    88.10	IW 145-150 CM
159	 959	A	 10	H	    4	 1.50	 1.50	    89.60
159	 959	A	 10	H	    5	 1.50	 1.50	    91.10
159	 959	A	 10	H	    6	 1.50	 1.50	    92.60
159	 959	A	 10	H	    7	 0.80	 0.80	    94.10
159	 959	A	 10	H	CC(7)	 0.25	 0.25	    94.90	4 CM TO PALEO.
159	 959	A	 11	H	    1	 1.50	 1.50	    94.60
159	 959	A	 11	H	    2	 1.50	 1.50	    96.10
159	 959	A	 11	H	    3	 1.50	 1.50	    97.60
159	 959	A	 11	H	    4	 1.50	 1.50	    99.10
159	 959	A	 11	H	    5	 1.50	 1.50	   100.60
159	 959	A	 11	H	    6	 1.50	 1.50	   102.10
159	 959	A	 11	H	    7	 0.70	 0.70	   103.60
159	 959	A	 11	H	CC(7)	 0.28	 0.28	   104.30	4 CM TO PALEO.
159	 959	A	 12	H	    1	 1.50	 1.50	   104.10
159	 959	A	 12	H	    2	 1.50	 1.50	   105.60
159	 959	A	 12	H	    3	 1.50	 1.50	   107.10
159	 959	A	 12	H	    4	 1.50	 1.50	   108.60
159	 959	A	 12	H	    5	 1.50	 1.50	   110.10
159	 959	A	 12	H	    6	 1.50	 1.50	   111.60
159	 959	A	 12	H	    7	 0.76	 0.76	   113.10
159	 959	A	 12	H	CC(7)	 0.34	 0.34	   113.86	4 CM TO PALEO.
159	 959	A	 13	H	    1	 1.50	 1.50	   113.60
159	 959	A	 13	H	    2	 1.50	 1.50	   115.10
159	 959	A	 13	H	    3	 1.50	 1.50	   116.60	IW 145-150CM.
159	 959	A	 13	H	    4	 1.50	 1.50	   118.10
159	 959	A	 13	H	    5	 1.50	 1.50	   119.60
159	 959	A	 13	H	    6	 1.50	 1.50	   121.10
159	 959	A	 13	H	    7	 0.60	 0.60	   122.60
159	 959	A	 13	H	CC(7)	 0.38	 0.38	   123.20	4 CM TO PALLEO.
159	 959	A	 14	H	    1	 1.50	 1.50	   123.10
159	 959	A	 14	H	    2	 1.50	 1.50	   124.60
159	 959	A	 14	H	    3	 1.50	 1.50	   126.10	150-154 EXPANDED MATERIAL - BOXED SEPARATELY
159	 959	A	 14	H	    4	 1.50	 1.50	   127.60
159	 959	A	 14	H	    5	 1.50	 1.50	   129.10
159	 959	A	 14	H	    6	 1.50	 1.50	   130.60
159	 959	A	 14	H	    7	 0.26	 0.26	   132.10
159	 959	A	 14	H	CC(7)	 0.34	 0.34	   132.36	0-4 CM TO PALEO.
159	 959	A	 15	H	    1	 1.50	 1.50	   132.60
159	 959	A	 15	H	    2	 1.50	 1.50	   134.10
159	 959	A	 15	H	    3	 1.50	 1.50	   135.60
159	 959	A	 15	H	    4	 1.50	 1.50	   137.10	150-153 EXPANDED MATERIAL BOXED SEPARATELY
159	 959	A	 15	H	    5	 1.50	 1.50	   138.60
159	 959	A	 15	H	    6	 1.50	 1.50	   140.10
159	 959	A	 15	H	    7	 0.54	 0.54	   141.60
159	 959	A	 15	H	CC(7)	 0.34	 0.34	   142.14	4CM TO PALEO
159	 959	A	 16	H	    1	 1.50	 1.50	   142.10
159	 959	A	 16	H	    2	 1.50	 1.50	   143.60
159	 959	A	 16	H	    3	 1.50	 1.50	   145.10	IW 140-150 CM
159	 959	A	 16	H	    4	 1.50	 1.50	   146.60
159	 959	A	 16	H	    5	 1.50	 1.50	   148.10
159	 959	A	 16	H	    6	 1.50	 1.50	   149.60
159	 959	A	 16	H	    7	 0.65	 0.65	   151.10
159	 959	A	 16	H	CC(7)	 0.27	 0.27	   151.75	4 CM TO PALEO.
159	 959	A	 17	H	    1	 1.50	 1.50	   151.60
159	 959	A	 17	H	    2	 1.50	 1.50	   153.10
159	 959	A	 17	H	    3	 1.50	 1.50	   154.60
159	 959	A	 17	H	    4	 1.50	 1.50	   156.10
159	 959	A	 17	H	    5	 1.50	 1.50	   157.60
159	 959	A	 17	H	    6	 1.00	 1.00	   159.10
159	 959	A	 17	H	    7	 0.60	 0.60	   160.10
159	 959	A	 17	H	CC(7)	 0.35	 0.35	   160.70	4CM TO PALEO
159	 959	A	 18	H	    1	 1.50	 1.50	   161.10
159	 959	A	 18	H	    2	 1.50	 1.50	   162.60
159	 959	A	 18	H	    3	 1.50	 1.50	   164.10
159	 959	A	 18	H	    4	 1.50	 1.50	   165.60
159	 959	A	 18	H	    5	 1.50	 1.50	   167.10
159	 959	A	 18	H	    6	 1.50	 1.50	   168.60
159	 959	A	 18	H	    7	 0.73	 0.73	   170.10
159	 959	A	 18	H	CC(7)	 0.31	 0.31	   170.83	4 CM TO PALEO.
159	 959	A	 19	H	    1	 1.50	 1.50	   170.60
159	 959	A	 19	H	    2	 1.50	 1.50	   172.10
159	 959	A	 19	H	    3	 1.50	 1.50	   173.60	IW 140-150CM
159	 959	A	 19	H	    4	 1.50	 1.50	   175.10
159	 959	A	 19	H	    5	 1.50	 1.50	   176.60
159	 959	A	 19	H	    6	 1.50	 1.50	   178.10
159	 959	A	 19	H	    7	 0.66	 0.66	   179.60
159	 959	A	 19	H	CC(7)	 0.48	 0.48	   180.26	4CM TO PALEO
159	 959	A	 20	X	    1	 1.50	 1.50	   180.10
159	 959	A	 20	X	    2	 1.50	 1.50	   181.60
159	 959	A	 20	X	    3	 1.50	 1.50	   183.10
159	 959	A	 20	X	    4	 1.50	 1.50	   184.60
159	 959	A	 20	X	    5	 1.50	 1.50	   186.10
159	 959	A	 20	X	    6	 1.50	 1.50	   187.60
159	 959	A	 20	X	    7	 0.36	 0.36	   189.10
159	 959	A	 20	X	CC(7)	 0.38	 0.38	   189.46	4CM TO PALEO
159	 959	A	 21	X	    1	 1.50	 1.50	   189.10
159	 959	A	 21	X	    2	 1.50	 1.50	   190.60
159	 959	A	 21	X	    3	 1.50	 1.50	   192.10
159	 959	A	 21	X	    4	 1.50	 1.50	   193.60
159	 959	A	 21	X	    5	 1.50	 1.50	   195.10
159	 959	A	 21	X	    6	 1.50	 1.50	   196.60
159	 959	A	 21	X	    7	 0.36	 0.36	   198.10
159	 959	A	 21	X	CC(7)	 0.39	 0.39	   198.46	4 CM TO PALEO
159	 959	A	 22	X	    1	 1.50	 1.50	   198.60
159	 959	A	 22	X	    2	 1.50	 1.50	   200.10
159	 959	A	 22	X	    3	 1.50	 1.50	   201.60	IW TAKEN 140-150 CM
159	 959	A	 22	X	    4	 1.50	 1.50	   203.10
159	 959	A	 22	X	    5	 1.50	 1.50	   204.60
159	 959	A	 22	X	    6	 1.00	 1.00	   206.10
159	 959	A	 22	X	    7	 0.73	 0.73	   207.10
159	 959	A	 22	X	   CC	 0.06	 0.06	   207.83	ALL TO PALEO
159	 959	A	 23	X	    1	 1.50	 1.50	   207.60
159	 959	A	 23	X	    2	 1.50	 1.50	   209.10
159	 959	A	 23	X	    3	 1.50	 1.50	   210.60
159	 959	A	 23	X	    4	 1.50	 1.50	   212.10
159	 959	A	 23	X	    5	 1.50	 1.50	   213.60
159	 959	A	 23	X	    6	 1.50	 1.50	   215.10
159	 959	A	 23	X	    7	 0.46	 0.46	   216.60
159	 959	A	 23	X	CC(7)	 0.14	 0.14	   217.06	4 CM TO PALEO
159	 959	A	 24	X	    1	 1.50	 1.50	   216.60
159	 959	A	 24	X	    2	 1.50	 1.50	   218.10
159	 959	A	 24	X	    3	 1.50	 1.50	   219.60
159	 959	A	 24	X	    4	 1.50	 1.50	   221.10
159	 959	A	 24	X	    5	 1.50	 1.50	   222.60
159	 959	A	 24	X	    6	 1.50	 1.50	   224.10
159	 959	A	 24	X	    7	 0.57	 0.57	   225.60
159	 959	A	 24	X	CC(7)	 0.37	 0.37	   226.17	4 CM TO PALEO
159	 959	A	 25	X	    1	 1.50	 1.50	   225.80
159	 959	A	 25	X	    2	 1.50	 1.50	   227.30
159	 959	A	 25	X	    3	 1.50	 1.50	   228.80	IW TAKEN 140-150 CM
159	 959	A	 25	X	    4	 1.50	 1.50	   230.30
159	 959	A	 25	X	    5	 1.50	 1.50	   231.80
159	 959	A	 25	X	    6	 1.50	 1.50	   233.30
159	 959	A	 25	X	    7	 0.50	 0.50	   234.80
159	 959	A	 25	X	CC(7)	 0.29	 0.29	   235.30	4 CM TO PALEO
159	 959	A	 26	X	    1	 1.50	 1.50	   235.50
159	 959	A	 26	X	    2	 1.50	 1.50	   237.00
159	 959	A	 26	X	    3	 1.50	 1.50	   238.50
159	 959	A	 26	X	    4	 1.50	 1.50	   240.00
159	 959	A	 26	X	    5	 1.50	 1.50	   241.50
159	 959	A	 26	X	    6	 1.50	 1.50	   243.00
159	 959	A	 26	X	    7	 0.47	 0.47	   244.50
159	 959	A	 26	X	CC(7)	 0.34	 0.34	   244.97	4 CM TO PALEO
159	 959	A	 27	X	    1	 1.50	 1.50	   245.10
159	 959	A	 27	X	    2	 1.50	 1.50	   246.60
159	 959	A	 27	X	    3	 1.50	 1.50	   248.10
159	 959	A	 27	X	    4	 1.50	 1.50	   249.60
159	 959	A	 27	X	    5	 1.50	 1.50	   251.10
159	 959	A	 27	X	    6	 1.50	 1.50	   252.60
159	 959	A	 27	X	    7	 0.49	 0.49	   254.10
159	 959	A	 27	X	CC(7)	 0.35	 0.35	   254.59	4 CM TO PALEO
159	 959	A	 28	X	    1	 1.50	 1.50	   254.80
159	 959	A	 28	X	    2	 1.50	 1.50	   256.30
159	 959	A	 28	X	    3	 1.50	 1.50	   257.80	IW TAKEN 140-150 CM
159	 959	A	 28	X	    4	 1.50	 1.50	   259.30
159	 959	A	 28	X	    5	 1.50	 1.50	   260.80
159	 959	A	 28	X	    6	 1.50	 1.50	   262.30
159	 959	A	 28	X	    7	 0.48	 0.48	   263.80
159	 959	A	 28	X	CC(7)	 0.43	 0.43	   264.28	4 CM TO PALEO
159	 959	A	 29	X	    1	 1.50	 1.50	   264.40
159	 959	A	 29	X	    2	 1.50	 1.50	   265.90
159	 959	A	 29	X	    3	 1.50	 1.50	   267.40
159	 959	A	 29	X	    4	 1.50	 1.50	   268.90
159	 959	A	 29	X	    5	 1.50	 1.50	   270.40
159	 959	A	 29	X	    6	 1.50	 1.50	   271.90
159	 959	A	 29	X	    7	 0.49	 0.49	   273.40
159	 959	A	 29	X	CC(7)	 0.34	 0.34	   273.89	4 CM TO PALEO
159	 959	A	 30	X	    1	 1.50	 1.50	   274.00
159	 959	A	 30	X	    2	 1.50	 1.50	   275.50
159	 959	A	 30	X	    3	 1.50	 1.50	   277.00
159	 959	A	 30	X	    4	 1.50	 1.50	   278.50
159	 959	A	 30	X	    5	 1.50	 1.50	   280.00
159	 959	A	 30	X	    6	 1.50	 1.50	   281.50
159	 959	A	 30	X	    7	 0.47	 0.47	   283.00
159	 959	A	 30	X	CC(7)	 0.30	 0.30	   283.47	4 CM TO PALEO
159	 959	A	 31	X	    1	 1.50	 1.50	   283.70
159	 959	A	 31	X	    2	 1.50	 1.50	   285.20
159	 959	A	 31	X	    3	 1.50	 1.50	   286.70	IW TAKEN 140-150 CM
159	 959	A	 31	X	    4	 1.50	 1.50	   288.20
159	 959	A	 31	X	    5	 1.50	 1.50	   289.70
159	 959	A	 31	X	    6	 1.00	 1.00	   291.20
159	 959	A	 31	X	    7	 0.58	 0.58	   292.20
159	 959	A	 31	X	CC(7)	 0.17	 0.17	   292.78	4 CM TO PALEO
159	 959	A	 32	X	    1	 1.50	 1.50	   293.30
159	 959	A	 32	X	    2	 1.50	 1.50	   294.80
159	 959	A	 32	X	    3	 1.50	 1.50	   296.30
159	 959	A	 32	X	    4	 1.50	 1.50	   297.80
159	 959	A	 32	X	    5	 1.50	 1.50	   299.30
159	 959	A	 32	X	    6	 1.50	 1.50	   300.80
159	 959	A	 32	X	    7	 0.32	 0.32	   302.30	3 CM TO PALEO
159	 959	A	 33	X	    1	 1.50	 1.50	   303.00
159	 959	A	 33	X	    2	 1.50	 1.50	   304.50
159	 959	A	 33	X	    3	 1.50	 1.50	   306.00
159	 959	A	 33	X	    4	 1.50	 1.50	   307.50
159	 959	A	 33	X	    5	 1.50	 1.50	   309.00
159	 959	A	 33	X	    6	 1.50	 1.50	   310.50
159	 959	A	 33	X	    7	 0.25	 0.25	   312.00
159	 959	A	 33	X	CC(7)	 0.23	 0.23	   312.25	4 CM TO PALEO
159	 959	A	 34	X	    1	 1.50	 1.50	   312.60
159	 959	A	 34	X	    2	 1.50	 1.50	   314.10
159	 959	A	 34	X	    3	 1.50	 1.50	   315.60
159	 959	A	 34	X	    4	 1.50	 1.50	   317.10	IW 140-150CM.
159	 959	A	 34	X	    5	 1.50	 1.50	   318.60
159	 959	A	 34	X	    6	 1.50	 1.50	   320.10
159	 959	A	 34	X	    7	 0.50	 0.50	   321.60
159	 959	A	 34	X	CC(7)	 0.24	 0.24	   322.10	4 CM TO PALEO.
159	 959	A	 35	X	    1	 1.50	 1.50	   322.20
159	 959	A	 35	X	    2	 1.50	 1.50	   323.70
159	 959	A	 35	X	    3	 1.50	 1.50	   325.20
159	 959	A	 35	X	    4	 1.50	 1.50	   326.70
159	 959	A	 35	X	    5	 1.50	 1.50	   328.20
159	 959	A	 35	X	    6	 1.50	 1.50	   329.70
159	 959	A	 35	X	    7	 0.45	 0.45	   331.20
159	 959	A	 35	X	CC(7)	 0.32	 0.32	   331.65	4 CM TO PALEO
159	 959	A	 36	X	    1	 1.50	 1.50	   331.80
159	 959	A	 36	X	    2	 1.50	 1.50	   333.30
159	 959	A	 36	X	    3	 1.50	 1.50	   334.80
159	 959	A	 36	X	    4	 1.50	 1.50	   336.30
159	 959	A	 36	X	    5	 1.50	 1.50	   337.80
159	 959	A	 36	X	    6	 1.50	 1.50	   339.30
159	 959	A	 36	X	    7	 0.56	 0.56	   340.80
159	 959	A	 36	X	CC(7)	 0.45	 0.45	   341.36	4 CM TO PALEO.
159	 959	A	 37	X	    1	 1.50	 1.50	   341.50
159	 959	A	 37	X	    2	 1.50	 1.50	   343.00
159	 959	A	 37	X	    3	 1.50	 1.50	   344.50	IW 140-150 CM.
159	 959	A	 37	X	    4	 1.50	 1.50	   346.00
159	 959	A	 37	X	    5	 1.50	 1.50	   347.50
159	 959	A	 37	X	    6	 1.50	 1.50	   349.00
159	 959	A	 37	X	    7	 0.44	 0.44	   350.50	COLLAPSED LINER
159	 959	A	 37	X	CC(7)	 0.37	 0.37	   350.94	4 CM TO PALEO.
159	 959	A	 38	X	    1	 1.50	 1.50	   351.20
159	 959	A	 38	X	    2	 1.50	 1.50	   352.70
159	 959	A	 38	X	    3	 1.50	 1.50	   354.20
159	 959	A	 38	X	    4	 1.50	 1.50	   355.70
159	 959	A	 38	X	    5	 1.50	 1.50	   357.20
159	 959	A	 38	X	    6	 1.50	 1.50	   358.70
159	 959	A	 38	X	    7	 0.45	 0.45	   360.20
159	 959	A	 38	X	CC(7)	 0.45	 0.45	   360.65	4CM TO PALEO
159	 959	A	 39	X	    1	 1.50	 1.50	   360.80
159	 959	A	 39	X	    2	 1.50	 1.50	   362.30
159	 959	A	 39	X	    3	 1.50	 1.50	   363.80
159	 959	A	 39	X	    4	 1.50	 1.50	   365.30
159	 959	A	 39	X	    5	 1.50	 1.50	   366.80
159	 959	A	 39	X	    6	 1.50	 1.50	   368.30
159	 959	A	 39	X	    7	 0.45	 0.45	   369.80
159	 959	A	 39	X	CC(7)	 0.40	 0.40	   370.25	4 CM TO PALEO
159	 959	A	 40	X	    1	 1.50	 1.50	   370.50
159	 959	A	 40	X	    2	 1.50	 1.50	   372.00
159	 959	A	 40	X	    3	 1.50	 1.50	   373.50	IW 140-150 CM.
159	 959	A	 40	X	    4	 1.50	 1.50	   375.00
159	 959	A	 40	X	    5	 1.50	 1.50	   376.50
159	 959	A	 40	X	    6	 1.50	 1.50	   378.00
159	 959	A	 40	X	    7	 0.46	 0.46	   379.50
159	 959	A	 40	X	CC(7)	 0.37	 0.37	   379.96	4CM TO PALEO
159	 959	A	 41	X	    1	 1.50	 1.50	   380.20
159	 959	A	 41	X	    2	 1.50	 1.50	   381.70
159	 959	A	 41	X	    3	 1.50	 1.50	   383.20
159	 959	A	 41	X	    4	 1.50	 1.50	   384.70
159	 959	A	 41	X	    5	 1.50	 1.50	   386.20
159	 959	A	 41	X	    6	 1.50	 1.50	   387.70
159	 959	A	 41	X	    7	 0.44	 0.44	   389.20
159	 959	A	 41	X	CC(7)	 0.33	 0.33	   389.64	4CM TO PALEO
159	 959	A	 42	X	    1	 1.50	 1.50	   389.80
159	 959	A	 42	X	    2	 1.50	 1.50	   391.30
159	 959	A	 42	X	    3	 1.50	 1.50	   392.80
159	 959	A	 42	X	    4	 1.50	 1.50	   394.30
159	 959	A	 42	X	    5	 1.50	 1.50	   395.80
159	 959	A	 42	X	    6	 1.50	 1.50	   397.30
159	 959	A	 42	X	    7	 0.22	 0.22	   398.80
159	 959	A	 42	X	CC(7)	 0.42	 0.42	   399.02	4 CM TO PALEO
159	 959	A	 43	X	    1	 1.50	 1.50	   399.20
159	 959	A	 43	X	    2	 1.50	 1.50	   400.70
159	 959	A	 43	X	    3	 1.50	 1.50	   402.20	IW TAKEN 140-150 CM
159	 959	A	 43	X	    4	 1.50	 1.50	   403.70
159	 959	A	 43	X	    5	 1.50	 1.50	   405.20
159	 959	A	 43	X	    6	 1.50	 1.50	   406.70
159	 959	A	 43	X	    7	 0.46	 0.46	   408.20
159	 959	A	 43	X	CC(7)	 0.40	 0.40	   408.66	4 CM TO PALEO
159	 959	A	 44	X	    1	 1.50	 1.50	   408.50
159	 959	A	 44	X	    2	 1.50	 1.50	   410.00
159	 959	A	 44	X	    3	 1.50	 1.50	   411.50
159	 959	A	 44	X	    4	 1.50	 1.50	   413.00
159	 959	A	 44	X	    5	 1.50	 1.50	   414.50
159	 959	A	 44	X	    6	 1.50	 1.50	   416.00
159	 959	A	 44	X	    7	 0.16	 0.16	   417.50
159	 959	A	 44	X	CC(7)	 0.55	 0.55	   417.66	4 CM TO PALEO
159	 959	A	 45	X	    1	 1.50	 1.50	   418.10
159	 959	A	 45	X	    2	 1.50	 1.50	   419.60
159	 959	A	 45	X	    3	 1.50	 1.50	   421.10
159	 959	A	 45	X	    4	 1.50	 1.50	   422.60
159	 959	A	 45	X	    5	 1.50	 1.50	   424.10
159	 959	A	 45	X	    6	 1.50	 1.50	   425.60
159	 959	A	 45	X	    7	 0.50	 0.50	   427.10
159	 959	A	 45	X	CC(7)	 0.40	 0.40	   427.60	4 CM TO PALEO
159	 959	A	 46	X	    1	 1.50	 1.50	   427.70
159	 959	A	 46	X	    2	 1.50	 1.50	   429.20
159	 959	A	 46	X	    3	 1.50	 1.50	   430.70	IW TAKEN 140-150 CM
159	 959	A	 46	X	    4	 1.50	 1.50	   432.20
159	 959	A	 46	X	    5	 1.50	 1.50	   433.70
159	 959	A	 46	X	    6	 1.50	 1.50	   435.20
159	 959	A	 46	X	    7	 0.43	 0.43	   436.70
159	 959	A	 46	X	CC(7)	 0.40	 0.40	   437.13	4 CM TO PALEO
159	 959	A	 47	X	    1	 1.50	 1.50	   437.40
159	 959	A	 47	X	    2	 1.39	 1.39	   438.90
159	 959	A	 47	X	   CC	 0.35	 0.35	   440.29	4 CM TO PALEO
159	 959	A	 48	X	    1	 0.14	 0.14	   447.00
159	 959	A	 48	X	CC(1)	 0.33	 0.33	   447.14	4 CM TO PALEO
159	 959	A	 49	X	   CC	 0.36	 0.36	   456.60	4 CM TO PALEO.
159	 959	A	 50	X	   CC	 0.26	 0.26	   466.30	3 CM TO PALEO.
159	 959	A	 51	X	   CC	 0.24	 0.24	   475.90
159	 959	A	 52	H	    1	 0.71	 0.71	   479.90
159	 959	A	 52	H	   CC	 0.03	 0.03	   480.61	ALL TO PALEO
159	 959	B	  1	H	    1	 1.50	 1.50	     0.00
159	 959	B	  1	H	    2	 1.50	 1.50	     1.50	IW 145-150 CM
159	 959	B	  1	H	    3	 1.50	 1.50	     3.00
159	 959	B	  1	H	    4	 0.16	 0.16	     4.50
159	 959	B	  1	H	CC(4)	 0.23	 0.23	     4.66	4 CM TO PALEO
159	 959	B	  2	H	    1	 1.50	 1.50	     5.00
159	 959	B	  2	H	    2	 1.50	 1.50	     6.50
159	 959	B	  2	H	    3	 1.50	 1.50	     8.00	IW-145/150
159	 959	B	  2	H	    4	 1.44	 1.44	     9.50
159	 959	B	  2	H	    5	 1.50	 1.50	    10.94
159	 959	B	  2	H	    6	 1.50	 1.50	    12.44
159	 959	B	  2	H	    7	 0.75	 0.75	    13.94
159	 959	B	  2	H	CC(7)	 0.21	 0.21	    14.69	4CM TO PALEO
159	 959	B	  3	H	    1	 1.50	 1.50	    14.50
159	 959	B	  3	H	    2	 1.50	 1.50	    16.00
159	 959	B	  3	H	    3	 1.50	 1.50	    17.50	IW 145-150 CM.
159	 959	B	  3	H	    4	 1.50	 1.50	    19.00
159	 959	B	  3	H	    5	 1.50	 1.50	    20.50
159	 959	B	  3	H	    6	 1.50	 1.50	    22.00
159	 959	B	  3	H	    7	 0.65	 0.65	    23.50
159	 959	B	  3	H	CC(7)	 0.28	 0.28	    24.15	4 CM TO PALEO
159	 959	B	  4	H	    1	 1.50	 1.50	    24.00
159	 959	B	  4	H	    2	 1.50	 1.50	    25.50
159	 959	B	  4	H	    3	 1.50	 1.50	    27.00	IW-145/150
159	 959	B	  4	H	    4	 1.50	 1.50	    28.50
159	 959	B	  4	H	    5	 1.50	 1.50	    30.00
159	 959	B	  4	H	    6	 1.50	 1.50	    31.50
159	 959	B	  4	H	    7	 0.64	 0.64	    33.00
159	 959	B	  4	H	CC(7)	 0.24	 0.24	    33.64	4CM TO PALEO
159	 959	B	  5	H	    1	 1.50	 1.50	    33.50
159	 959	B	  5	H	    2	 1.50	 1.50	    35.00
159	 959	B	  5	H	    3	 1.50	 1.50	    36.50	IW 145-150 CM.
159	 959	B	  5	H	    4	 1.50	 1.50	    38.00
159	 959	B	  5	H	    5	 1.50	 1.50	    39.50
159	 959	B	  5	H	    6	 1.50	 1.50	    41.00
159	 959	B	  5	H	    7	 0.55	 0.55	    42.50
159	 959	B	  5	H	CC(7)	 0.46	 0.46	    43.05	4 CM TO PALEO.
159	 959	B	  6	H	    1	 1.50	 1.50	    43.00
159	 959	B	  6	H	    2	 1.50	 1.50	    44.50
159	 959	B	  6	H	    3	 1.50	 1.50	    46.00	IW-145/150
159	 959	B	  6	H	    4	 1.50	 1.50	    47.50
159	 959	B	  6	H	    5	 1.50	 1.50	    49.00
159	 959	B	  6	H	    6	 1.50	 1.50	    50.50
159	 959	B	  6	H	    7	 0.58	 0.58	    52.00
159	 959	B	  6	H	CC(7)	 0.26	 0.26	    52.58	4CM TO PALEO
159	 959	B	  7	H	    1	 1.50	 1.50	    52.50
159	 959	B	  7	H	    2	 1.50	 1.50	    54.00
159	 959	B	  7	H	    3	 1.50	 1.50	    55.50	IW 145-150 CM
159	 959	B	  7	H	    4	 1.50	 1.50	    57.00
159	 959	B	  7	H	    5	 1.50	 1.50	    58.50
159	 959	B	  7	H	    6	 1.50	 1.50	    60.00
159	 959	B	  7	H	    7	 0.63	 0.63	    61.50
159	 959	B	  7	H	CC(7)	 0.25	 0.25	    62.13	4 CM TO PALEO
159	 959	B	  8	H	    1	 1.50	 1.50	    62.00
159	 959	B	  8	H	    2	 1.50	 1.50	    63.50
159	 959	B	  8	H	    3	 1.50	 1.50	    65.00
159	 959	B	  8	H	    4	 1.50	 1.50	    66.50
159	 959	B	  8	H	    5	 1.50	 1.50	    68.00
159	 959	B	  8	H	    6	 1.50	 1.50	    69.50
159	 959	B	  8	H	    7	 0.73	 0.73	    71.00
159	 959	B	  8	H	CC(7)	 0.25	 0.25	    71.73	4 CM TO PALEO.
159	 959	B	  9	H	    1	 1.50	 1.50	    71.50
159	 959	B	  9	H	    2	 1.50	 1.50	    73.00
159	 959	B	  9	H	    3	 1.50	 1.50	    74.50
159	 959	B	  9	H	    4	 1.50	 1.50	    76.00
159	 959	B	  9	H	    5	 1.50	 1.50	    77.50
159	 959	B	  9	H	    6	 1.50	 1.50	    79.00
159	 959	B	  9	H	    7	 0.80	 0.80	    80.50
159	 959	B	  9	H	CC(7)	 0.45	 0.45	    81.30	4CM TO PALEO
159	 959	B	 10	H	    1	 1.50	 1.50	    81.00
159	 959	B	 10	H	    2	 1.50	 1.50	    82.50
159	 959	B	 10	H	    3	 1.50	 1.50	    84.00
159	 959	B	 10	H	    4	 1.50	 1.50	    85.50
159	 959	B	 10	H	    5	 1.50	 1.50	    87.00
159	 959	B	 10	H	    6	 1.50	 1.50	    88.50
159	 959	B	 10	H	    7	 0.68	 0.68	    90.00
159	 959	B	 10	H	CC(7)	 0.35	 0.35	    90.68	4 CM TO PALEO
159	 959	B	 11	H	    1	 1.50	 1.50	    90.50
159	 959	B	 11	H	    2	 1.50	 1.50	    92.00
159	 959	B	 11	H	    3	 1.50	 1.50	    93.50
159	 959	B	 11	H	    4	 1.50	 1.50	    95.00
159	 959	B	 11	H	    5	 1.50	 1.50	    96.50
159	 959	B	 11	H	    6	 1.50	 1.50	    98.00
159	 959	B	 11	H	    7	 0.61	 0.61	    99.50
159	 959	B	 11	H	CC(7)	 0.20	 0.20	   100.11	4 CM TO PALEO
159	 959	B	 12	H	    1	 1.50	 1.50	   100.00
159	 959	B	 12	H	    2	 1.50	 1.50	   101.50
159	 959	B	 12	H	    3	 1.50	 1.50	   103.00
159	 959	B	 12	H	    4	 1.50	 1.50	   104.50
159	 959	B	 12	H	    5	 1.50	 1.50	   106.00
159	 959	B	 12	H	    6	 1.50	 1.50	   107.50
159	 959	B	 12	H	    7	 0.52	 0.52	   109.00
159	 959	B	 12	H	CC(7)	 0.38	 0.38	   109.52	4 CM TO PALEO
159	 959	B	 13	H	    1	 1.50	 1.50	   109.50
159	 959	B	 13	H	    2	 1.50	 1.50	   111.00
159	 959	B	 13	H	    3	 1.50	 1.50	   112.50
159	 959	B	 13	H	    4	 1.50	 1.50	   114.00
159	 959	B	 13	H	    5	 1.50	 1.50	   115.50
159	 959	B	 13	H	    6	 1.50	 1.50	   117.00
159	 959	B	 13	H	    7	 0.75	 0.75	   118.50
159	 959	B	 13	H	CC(7)	 0.34	 0.34	   119.25	4 CM TO PALEO
159	 959	B	 14	H	    1	 1.50	 1.50	   119.00
159	 959	B	 14	H	    2	 1.50	 1.50	   120.50
159	 959	B	 14	H	    3	 1.50	 1.50	   122.00
159	 959	B	 14	H	    4	 1.50	 1.50	   123.50
159	 959	B	 14	H	    5	 1.50	 1.50	   125.00
159	 959	B	 14	H	    6	 1.50	 1.50	   126.50
159	 959	B	 14	H	    7	 0.60	 0.60	   128.00
159	 959	B	 14	H	CC(7)	 0.46	 0.46	   128.60	4 CM TO PALEO
159	 959	B	 15	H	    1	 1.50	 1.50	   128.50
159	 959	B	 15	H	    2	 1.50	 1.50	   130.00
159	 959	B	 15	H	    3	 1.50	 1.50	   131.50
159	 959	B	 15	H	    4	 1.50	 1.50	   133.00
159	 959	B	 15	H	    5	 1.50	 1.50	   134.50
159	 959	B	 15	H	    6	 1.50	 1.50	   136.00
159	 959	B	 15	H	    7	 0.59	 0.59	   137.50
159	 959	B	 15	H	CC(7)	 0.37	 0.37	   138.09	4 CM TO PALEO
159	 959	B	 16	H	    1	 1.50	 1.50	   138.00
159	 959	B	 16	H	    2	 1.50	 1.50	   139.50
159	 959	B	 16	H	    3	 1.50	 1.50	   141.00
159	 959	B	 16	H	    4	 1.50	 1.50	   142.50
159	 959	B	 16	H	    5	 1.50	 1.50	   144.00
159	 959	B	 16	H	    6	 1.50	 1.50	   145.50
159	 959	B	 16	H	    7	 0.74	 0.74	   147.00
159	 959	B	 16	H	CC(7)	 0.25	 0.25	   147.74	4 CM TO PALEO
159	 959	B	 17	H	    1	 1.50	 1.50	   147.50
159	 959	B	 17	H	    2	 1.50	 1.50	   149.00
159	 959	B	 17	H	    3	 1.50	 1.50	   150.50
159	 959	B	 17	H	    4	 1.50	 1.50	   152.00
159	 959	B	 17	H	    5	 1.50	 1.50	   153.50
159	 959	B	 17	H	    6	 1.50	 1.50	   155.00
159	 959	B	 17	H	    7	 0.73	 0.73	   156.50
159	 959	B	 17	H	CC(7)	 0.33	 0.33	   157.23	4CM TO PALEO
159	 959	B	 18	H	    1	 1.50	 1.50	   157.00
159	 959	B	 18	H	    2	 1.50	 1.50	   158.50
159	 959	B	 18	H	    3	 1.50	 1.50	   160.00
159	 959	B	 18	H	    4	 1.50	 1.50	   161.50
159	 959	B	 18	H	    5	 1.50	 1.50	   163.00
159	 959	B	 18	H	    6	 1.50	 1.50	   164.50
159	 959	B	 18	H	    7	 0.69	 0.69	   166.00
159	 959	B	 18	H	CC(7)	 0.35	 0.35	   166.69	4CM TO PALEO
159	 959	B	 19	H	    1	 1.50	 1.50	   166.50
159	 959	B	 19	H	    2	 1.50	 1.50	   168.00
159	 959	B	 19	H	    3	 1.50	 1.50	   169.50
159	 959	B	 19	H	    4	 1.50	 1.50	   171.00
159	 959	B	 19	H	    5	 1.50	 1.50	   172.50
159	 959	B	 19	H	    6	 1.36	 1.36	   174.00
159	 959	B	 19	H	   CC	 0.27	 0.27	   175.36	3 CM TO PALEO
159	 959	B	 20	H	    1	 1.50	 1.50	   175.50
159	 959	B	 20	H	    2	 1.50	 1.50	   177.00
159	 959	B	 20	H	    3	 1.50	 1.50	   178.50
159	 959	B	 20	H	    4	 1.50	 1.50	   180.00
159	 959	B	 20	H	    5	 1.50	 1.50	   181.50
159	 959	B	 20	H	    6	 1.07	 1.07	   183.00
159	 959	B	 20	H	CC(6)	 0.33	 0.33	   184.07	3 CM TO PALEO
159	 959	C	  1	H	    1	 1.50	 1.50	     0.00
159	 959	C	  1	H	    2	 0.67	 0.67	     1.50
159	 959	C	  1	H	CC(2)	 0.14	 0.14	     2.17	3 CM TO PALEO
159	 959	C	  2	H	    1	 1.50	 1.50	     2.30
159	 959	C	  2	H	    2	 1.50	 1.50	     3.80
159	 959	C	  2	H	    3	 1.50	 1.50	     5.30
159	 959	C	  2	H	    4	 1.50	 1.50	     6.80
159	 959	C	  2	H	    5	 1.50	 1.50	     8.30
159	 959	C	  2	H	    6	 1.50	 1.50	     9.80
159	 959	C	  2	H	    7	 0.70	 0.70	    11.30
159	 959	C	  2	H	CC(7)	 0.20	 0.20	    12.00	3 CM TO PALEO.
159	 959	C	  3	H	    1	 1.50	 1.50	    11.80
159	 959	C	  3	H	    2	 1.50	 1.50	    13.30
159	 959	C	  3	H	    3	 1.50	 1.50	    14.80
159	 959	C	  3	H	    4	 1.50	 1.50	    16.30
159	 959	C	  3	H	    5	 1.50	 1.50	    17.80
159	 959	C	  3	H	    6	 1.50	 1.50	    19.30
159	 959	C	  3	H	    7	 0.48	 0.48	    20.80
159	 959	C	  3	H	CC(7)	 0.30	 0.30	    21.28	3 CM TO PALEO.
159	 959	C	  4	H	    1	 1.50	 1.50	    21.30	(DB) VOID 47-53
159	 959	C	  4	H	    2	 1.50	 1.50	    22.80
159	 959	C	  4	H	    3	 1.50	 1.50	    24.30
159	 959	C	  4	H	    4	 1.50	 1.50	    25.80
159	 959	C	  4	H	    5	 1.50	 1.50	    27.30
159	 959	C	  4	H	    6	 1.50	 1.50	    28.80
159	 959	C	  4	H	    7	 0.68	 0.68	    30.30
159	 959	C	  4	H	CC(7)	 0.23	 0.23	    30.98	3 CM TO PALEO.
159	 959	C	  5	H	    1	 1.50	 1.50	    30.80
159	 959	C	  5	H	    2	 1.50	 1.50	    32.30
159	 959	C	  5	H	    3	 1.50	 1.50	    33.80
159	 959	C	  5	H	    4	 1.50	 1.50	    35.30
159	 959	C	  5	H	    5	 1.50	 1.50	    36.80
159	 959	C	  5	H	    6	 1.50	 1.50	    38.30
159	 959	C	  5	H	    7	 0.65	 0.65	    39.80
159	 959	C	  5	H	CC(7)	 0.46	 0.46	    40.45	3 CM TO PALEO.
159	 959	C	  6	H	    1	 1.50	 1.50	    40.30
159	 959	C	  6	H	    2	 1.50	 1.50	    41.80
159	 959	C	  6	H	    3	 1.50	 1.50	    43.30
159	 959	C	  6	H	    4	 1.50	 1.50	    44.80
159	 959	C	  6	H	    5	 1.50	 1.50	    46.30
159	 959	C	  6	H	    6	 1.50	 1.50	    47.80
159	 959	C	  6	H	    7	 0.65	 0.65	    49.30
159	 959	C	  6	H	CC(7)	 0.30	 0.30	    49.95	3 CM TO PALEO.
159	 959	C	  7	H	    1	 1.50	 1.50	    49.80
159	 959	C	  7	H	    2	 1.50	 1.50	    51.30
159	 959	C	  7	H	    3	 1.50	 1.50	    52.80
159	 959	C	  7	H	    4	 1.50	 1.50	    54.30
159	 959	C	  7	H	    5	 1.50	 1.50	    55.80
159	 959	C	  7	H	    6	 1.50	 1.50	    57.30
159	 959	C	  7	H	    7	 0.65	 0.65	    58.80
159	 959	C	  7	H	CC(7)	 0.32	 0.32	    59.45	3 CM TO PALEO
159	 959	C	  8	H	    1	 1.50	 1.50	    59.30
159	 959	C	  8	H	    2	 1.50	 1.50	    60.80
159	 959	C	  8	H	    3	 1.50	 1.50	    62.30
159	 959	C	  8	H	    4	 1.50	 1.50	    63.80
159	 959	C	  8	H	    5	 1.50	 1.50	    65.30
159	 959	C	  8	H	    6	 1.50	 1.50	    66.80
159	 959	C	  8	H	    7	 0.73	 0.73	    68.30
159	 959	C	  8	H	   CC	 0.36	 0.36	    69.03	3-PAL
159	 959	C	  9	H	    1	 1.50	 1.50	    68.80
159	 959	C	  9	H	    2	 1.50	 1.50	    70.30
159	 959	C	  9	H	    3	 1.50	 1.50	    71.80
159	 959	C	  9	H	    4	 1.50	 1.50	    73.30
159	 959	C	  9	H	    5	 1.50	 1.50	    74.80
159	 959	C	  9	H	    6	 1.50	 1.50	    76.30
159	 959	C	  9	H	    7	 0.73	 0.73	    77.80
159	 959	C	  9	H	CC(7)	 0.40	 0.40	    78.53	3 CM TO PALEO
159	 959	C	 10	H	    1	 1.50	 1.50	    78.30
159	 959	C	 10	H	    2	 1.50	 1.50	    79.80
159	 959	C	 10	H	    3	 1.50	 1.50	    81.30
159	 959	C	 10	H	    4	 1.50	 1.50	    82.80
159	 959	C	 10	H	    5	 1.50	 1.50	    84.30
159	 959	C	 10	H	    6	 1.50	 1.50	    85.80
159	 959	C	 10	H	    7	 0.66	 0.66	    87.30
159	 959	C	 10	H	CC(7)	 0.24	 0.24	    87.96	4 CM TO PALEO
159	 959	C	 11	H	    1	 1.50	 1.50	    87.80
159	 959	C	 11	H	    2	 1.50	 1.50	    89.30
159	 959	C	 11	H	    3	 1.50	 1.50	    90.80
159	 959	C	 11	H	    4	 1.50	 1.50	    92.30
159	 959	C	 11	H	    5	 1.50	 1.50	    93.80
159	 959	C	 11	H	    6	 1.50	 1.50	    95.30
159	 959	C	 11	H	    7	 0.64	 0.64	    96.80
159	 959	C	 11	H	CC(7)	 0.49	 0.49	    97.44	4CM TO PALEO
159	 959	C	 12	H	    1	 1.50	 1.50	    97.30
159	 959	C	 12	H	    2	 1.50	 1.50	    98.80
159	 959	C	 12	H	    3	 1.50	 1.50	   100.30
159	 959	C	 12	H	    4	 1.50	 1.50	   101.80
159	 959	C	 12	H	    5	 1.50	 1.50	   103.30
159	 959	C	 12	H	    6	 1.50	 1.50	   104.80
159	 959	C	 12	H	    7	 0.73	 0.73	   106.30
159	 959	C	 12	H	CC(7)	 0.30	 0.30	   107.03	4CM TO PALEO
159	 959	C	 13	H	    1	 1.50	 1.50	   106.80
159	 959	C	 13	H	    2	 1.50	 1.50	   108.30
159	 959	C	 13	H	    3	 1.50	 1.50	   109.80
159	 959	C	 13	H	    4	 1.50	 1.50	   111.30
159	 959	C	 13	H	    5	 1.50	 1.50	   112.80	EXPANDED MATERIAL 150-153 BOXED SEPERATE
159	 959	C	 13	H	    6	 1.50	 1.50	   114.30
159	 959	C	 13	H	    7	 0.68	 0.68	   115.80
159	 959	C	 13	H	CC(7)	 0.27	 0.27	   116.48	4 CM TO PALEO
159	 959	C	 14	H	    1	 1.50	 1.50	   116.30
159	 959	C	 14	H	    2	 1.50	 1.50	   117.80
159	 959	C	 14	H	    3	 1.50	 1.50	   119.30
159	 959	C	 14	H	    4	 1.50	 1.50	   120.80	EXPANDED MATERIAL 150-155 BOXED SEPERATE
159	 959	C	 14	H	    5	 1.50	 1.50	   122.30	EXPANDED MATERIAL 150-152 BOXED SEPERATE
159	 959	C	 14	H	    6	 1.50	 1.50	   123.80
159	 959	C	 14	H	    7	 0.79	 0.79	   125.30
159	 959	C	 14	H	CC(7)	 0.28	 0.28	   126.09	4 CM TO PALEO
159	 959	C	 15	H	    1	 1.50	 1.50	   125.80
159	 959	C	 15	H	    2	 1.50	 1.50	   127.30	EXPANDED MATERIAL 150-155 BOXED SEPERATE
159	 959	C	 15	H	    3	 1.50	 1.50	   128.80	EXPANDED MATERIAL 150-153 BOXED SEPERATE
159	 959	C	 15	H	    4	 1.50	 1.50	   130.30	EXPANDED MATERIAL 150-153 BOXED SEPERATE
159	 959	C	 15	H	    5	 1.50	 1.50	   131.80
159	 959	C	 15	H	    6	 1.50	 1.50	   133.30
159	 959	C	 15	H	    7	 0.70	 0.70	   134.80
159	 959	C	 15	H	CC(7)	 0.28	 0.28	   135.50	3 CM TO PALEO
159	 959	C	 16	H	    1	 1.50	 1.50	   135.30
159	 959	C	 16	H	    2	 1.50	 1.50	   136.80
159	 959	C	 16	H	    3	 1.50	 1.50	   138.30
159	 959	C	 16	H	    4	 1.50	 1.50	   139.80
159	 959	C	 16	H	    5	 1.50	 1.50	   141.30
159	 959	C	 16	H	    6	 1.50	 1.50	   142.80
159	 959	C	 16	H	    7	 0.65	 0.65	   144.30
159	 959	C	 16	H	CC(7)	 0.33	 0.33	   144.95	3 CM TO PALEO.
159	 959	C	 17	H	    1	 1.50	 1.50	   144.80
159	 959	C	 17	H	    2	 1.50	 1.50	   146.30	EXPANDED MATERIAL BOXED SEPARATELY 150-153CM
159	 959	C	 17	H	    3	 1.50	 1.50	   147.80	EXPANDED MATERIAL BOXED SEPARATELY 150-154CM
159	 959	C	 17	H	    4	 1.50	 1.50	   149.30	EXPANDED MATERIAL BOXED SEPARATELY 150-154CM
159	 959	C	 17	H	    5	 1.50	 1.50	   150.80
159	 959	C	 17	H	    6	 1.50	 1.50	   152.30
159	 959	C	 17	H	    7	 0.70	 0.70	   153.80
159	 959	C	 17	H	CC(7)	 0.28	 0.28	   154.50	4 CM TO PALEO.
159	 959	C	 18	H	    1	 1.50	 1.50	   154.30
159	 959	C	 18	H	    2	 1.50	 1.50	   155.80
159	 959	C	 18	H	    3	 1.50	 1.50	   157.30
159	 959	C	 18	H	    4	 1.50	 1.50	   158.80
159	 959	C	 18	H	    5	 1.50	 1.50	   160.30
159	 959	C	 18	H	    6	 1.50	 1.50	   161.80
159	 959	C	 18	H	    7	 0.71	 0.71	   163.30
159	 959	C	 18	H	CC(7)	 0.27	 0.27	   164.01	4 CM TO PALEO
159	 959	C	 19	H	    1	 1.50	 1.50	   163.80
159	 959	C	 19	H	    2	 1.50	 1.50	   165.30
159	 959	C	 19	H	    3	 1.50	 1.50	   166.80
159	 959	C	 19	H	    4	 1.50	 1.50	   168.30
159	 959	C	 19	H	    5	 1.50	 1.50	   169.80
159	 959	C	 19	H	    6	 1.09	 1.09	   171.30
159	 959	C	 19	H	CC(6)	 0.27	 0.27	   172.39	4 CM TO PALEO
159	 959	C	 20	H	    1	 1.50	 1.50	   173.30
159	 959	C	 20	H	    2	 1.50	 1.50	   174.80
159	 959	C	 20	H	    3	 1.50	 1.50	   176.30
159	 959	C	 20	H	    4	 1.00	 1.00	   177.80
159	 959	C	 20	H	    5	 0.57	 0.57	   178.80
159	 959	C	 20	H	CC(5)	 0.26	 0.26	   179.37	4 CM TO PALEO
159	 959	D	  1	R	    1	 1.50	 1.50	   417.80
159	 959	D	  1	R	    2	 1.50	 1.50	   419.30
159	 959	D	  1	R	    3	 1.50	 1.50	   420.80	IW TAKEN 140-150 CM
159	 959	D	  1	R	    4	 1.50	 1.50	   422.30
159	 959	D	  1	R	    5	 1.50	 1.50	   423.80
159	 959	D	  1	R	    6	 0.95	 0.95	   425.30
159	 959	D	  1	R	   CC	 0.03	 0.03	   426.25	ALL TO PALEO
159	 959	D	  2	R	    1	 0.24	 0.24	   427.30
159	 959	D	  2	R	   CC	 0.04	 0.04	   427.54	ALL TO PALEO
159	 959	D	  3	R	   CC	 0.21	 0.21	   436.80	3 CM TO PALEO
159	 959	D	  4	R	    1	 0.39	 0.39	   446.40	3 CM TO PALEO
159	 959	D	  5	R	   CC	 0.11	 0.11	   455.80	2-PAL
159	 959	D	  6	R	   CC	 0.09	 0.09	   465.30	TRACE TO PALEO
159	 959	D	  7	R	   CC	 0.17	 0.17	   469.30	2 CM TO PALEO.
159	 959	D	  8	R	    1	 1.17	 1.17	   475.00
159	 959	D	  8	R	CC(1)	 0.17	 0.17	   476.17	3CM TO PALEO.
159	 959	D	  9	R	    1	 1.50	 1.50	   484.60	IW 140-150 CM.
159	 959	D	  9	R	    2	 1.50	 1.50	   486.10
159	 959	D	  9	R	    3	 1.50	 1.50	   487.60
159	 959	D	  9	R	    4	 1.50	 1.50	   489.10
159	 959	D	  9	R	    5	 1.23	 1.23	   490.60
159	 959	D	  9	R	CC(5)	 0.27	 0.27	   491.83	3 CM TO PALEO.
159	 959	D	 10	R	    1	 1.50	 1.50	   494.20
159	 959	D	 10	R	    2	 1.00	 1.00	   495.70
159	 959	D	 10	R	    3	 0.60	 0.60	   496.70
159	 959	D	 10	R	CC(3)	 0.22	 0.22	   497.30	3 CM TO PALEO.
159	 959	D	 11	R	    1	 1.00	 1.00	   503.80
159	 959	D	 11	R	    2	 0.64	 0.64	   504.80
159	 959	D	 11	R	CC(2)	 0.14	 0.14	   505.44	3 CM TO PALEO
159	 959	D	 12	R	    1	 1.50	 1.50	   513.60	IW 140-150 CM
159	 959	D	 12	R	    2	 1.50	 1.50	   515.10
159	 959	D	 12	R	    3	 1.50	 1.50	   516.60
159	 959	D	 12	R	    4	 0.28	 0.28	   518.10
159	 959	D	 12	R	CC(4)	 0.14	 0.14	   518.38	4 CM TO PALEO
159	 959	D	 13	R	    1	 1.50	 1.50	   523.20
159	 959	D	 13	R	    2	 1.50	 1.50	   524.70
159	 959	D	 13	R	    3	 1.50	 1.50	   526.20
159	 959	D	 13	R	    4	 0.49	 0.49	   527.70
159	 959	D	 13	R	CC(4)	 0.14	 0.14	   528.19	4 CM TO PALEO
159	 959	D	 14	R	    1	 1.50	 1.50	   532.80
159	 959	D	 14	R	    2	 1.35	 1.35	   534.30
159	 959	D	 14	R	   CC	 0.23	 0.23	   535.65	3 CM TO PALEO
159	 959	D	 15	R	    1	 0.97	 0.97	   542.40
159	 959	D	 15	R	CC(1)	 0.20	 0.20	   543.37	4 CM TO PALEO.
159	 959	D	 16	R	    1	 1.50	 1.50	   552.10	IW-140/150
159	 959	D	 16	R	    2	 1.50	 1.50	   553.60
159	 959	D	 16	R	    3	 1.50	 1.50	   555.10
159	 959	D	 16	R	    4	 0.53	 0.53	   556.60
159	 959	D	 16	R	CC(4)	 0.14	 0.14	   557.13	4CM TO PALEO
159	 959	D	 17	R	    1	 1.50	 1.50	   561.80
159	 959	D	 17	R	    2	 1.50	 1.50	   563.30
159	 959	D	 17	R	    3	 1.50	 1.50	   564.80
159	 959	D	 17	R	    4	 1.50	 1.50	   566.30
159	 959	D	 17	R	    5	 1.50	 1.50	   567.80
159	 959	D	 17	R	    6	 0.39	 0.39	   569.30
159	 959	D	 17	R	CC(6)	 0.24	 0.24	   569.69	4CM TO PALEO
159	 959	D	 18	R	    1	 1.50	 1.50	   571.40
159	 959	D	 18	R	    2	 1.50	 1.50	   572.90
159	 959	D	 18	R	    3	 1.50	 1.50	   574.40
159	 959	D	 18	R	    4	 1.50	 1.50	   575.90
159	 959	D	 18	R	    5	 1.06	 1.06	   577.40
159	 959	D	 18	R	CC(5)	 0.26	 0.26	   578.46	3 CM TO PALEO
159	 959	D	 19	R	    1	 0.74	 0.74	   580.90	3 CM TO PALEO
159	 959	D	 20	R	    1	 1.50	 1.50	   590.60	IW 141-150 CM
159	 959	D	 20	R	    2	 1.50	 1.50	   592.10
159	 959	D	 20	R	    3	 1.50	 1.50	   593.60
159	 959	D	 20	R	   CC	 0.04	 0.04	   595.10	ALL TO PALEO
159	 959	D	 21	R	    1	 1.50	 1.50	   600.20
159	 959	D	 21	R	    2	 1.50	 1.50	   601.70
159	 959	D	 21	R	    3	 1.50	 1.50	   603.20
159	 959	D	 21	R	    4	 1.50	 1.50	   604.70
159	 959	D	 21	R	    5	 1.50	 1.50	   606.20
159	 959	D	 21	R	    6	 1.00	 1.00	   607.70
159	 959	D	 21	R	    7	 0.60	 0.60	   608.70
159	 959	D	 21	R	   CC	 0.03	 0.03	   609.30	ALL TO PALEO
159	 959	D	 22	R	    1	 1.50	 1.50	   609.70
159	 959	D	 22	R	    2	 1.50	 1.50	   611.20
159	 959	D	 22	R	    3	 1.50	 1.50	   612.70
159	 959	D	 22	R	    4	 1.50	 1.50	   614.20
159	 959	D	 22	R	    5	 1.50	 1.50	   615.70
159	 959	D	 22	R	    6	 1.50	 1.50	   617.20
159	 959	D	 22	R	    7	 0.38	 0.38	   618.70
159	 959	D	 22	R	   CC	 0.02	 0.02	   619.08	ALL TO PALEO
159	 959	D	 23	R	    1	 1.50	 1.50	   619.30
159	 959	D	 23	R	    2	 1.50	 1.50	   620.80
159	 959	D	 23	R	    3	 1.50	 1.50	   622.30	IW TAKEN 140-150 CM
159	 959	D	 23	R	    4	 1.50	 1.50	   623.80
159	 959	D	 23	R	    5	 1.50	 1.50	   625.30
159	 959	D	 23	R	    6	 0.43	 0.43	   626.80
159	 959	D	 23	R	   CC	 0.02	 0.02	   627.23	ALL TO PALEO
159	 959	D	 24	R	    1	 1.50	 1.50	   629.00
159	 959	D	 24	R	    2	 1.50	 1.50	   630.50
159	 959	D	 24	R	    3	 1.50	 1.50	   632.00
159	 959	D	 24	R	    4	 1.50	 1.50	   633.50
159	 959	D	 24	R	    5	 1.50	 1.50	   635.00
159	 959	D	 24	R	    6	 1.50	 1.50	   636.50
159	 959	D	 24	R	    7	 0.36	 0.36	   638.00
159	 959	D	 24	R	CC(7)	 0.19	 0.19	   638.36	2 CM TO PALEO
159	 959	D	 25	R	    1	 1.50	 1.50	   638.70
159	 959	D	 25	R	    2	 1.50	 1.50	   640.20
159	 959	D	 25	R	    3	 1.50	 1.50	   641.70
159	 959	D	 25	R	    4	 1.50	 1.50	   643.20
159	 959	D	 25	R	    5	 0.95	 0.95	   644.70
159	 959	D	 25	R	   CC	 0.02	 0.02	   645.65	ALL TO PALEO
159	 959	D	 26	R	    1	 1.50	 1.50	   648.30
159	 959	D	 26	R	    2	 1.50	 1.50	   649.80	IW 140-150 CM.
159	 959	D	 26	R	    3	 1.50	 1.50	   651.30
159	 959	D	 26	R	    4	 1.50	 1.50	   652.80
159	 959	D	 26	R	    5	 1.50	 1.50	   654.30
159	 959	D	 26	R	    6	 1.40	 1.40	   655.80
159	 959	D	 26	R	   CC	 0.17	 0.17	   657.20	3 CM TO PALEO.
159	 959	D	 27	R	    1	 0.16	 0.16	   658.00
159	 959	D	 27	R	    2	 1.50	 1.50	   658.16
159	 959	D	 27	R	    3	 1.50	 1.50	   659.66
159	 959	D	 27	R	    4	 1.50	 1.50	   661.16
159	 959	D	 27	R	    5	 1.50	 1.50	   662.66
159	 959	D	 27	R	    6	 1.50	 1.50	   664.16
159	 959	D	 27	R	    7	 1.50	 1.50	   665.66
159	 959	D	 27	R	    8	 0.61	 0.61	   667.16
159	 959	D	 27	R	CC(8)	 0.12	 0.12	   667.77	3 CM TO PALEO.
159	 959	D	 28	R	    1	 1.50	 1.50	   667.60
159	 959	D	 28	R	    2	 1.50	 1.50	   669.10
159	 959	D	 28	R	    3	 1.50	 1.50	   670.60
159	 959	D	 28	R	    4	 1.50	 1.50	   672.10
159	 959	D	 28	R	    5	 1.50	 1.50	   673.60
159	 959	D	 28	R	    6	 1.50	 1.50	   675.10
159	 959	D	 28	R	    7	 0.52	 0.52	   676.60
159	 959	D	 28	R	CC(7)	 0.27	 0.27	   677.12	3 CM TO PALEO.
159	 959	D	 29	R	    1	 1.50	 1.50	   677.20
159	 959	D	 29	R	    2	 1.50	 1.50	   678.70	IW 140-150 CM.
159	 959	D	 29	R	    3	 1.50	 1.50	   680.20
159	 959	D	 29	R	    4	 1.50	 1.50	   681.70
159	 959	D	 29	R	    5	 0.43	 0.43	   683.20
159	 959	D	 29	R	CC(5)	 0.13	 0.13	   683.63	3 CM TO PALEO.
159	 959	D	 30	R	    1	 1.50	 1.50	   686.90
159	 959	D	 30	R	    2	 1.50	 1.50	   688.40
159	 959	D	 30	R	    3	 1.50	 1.50	   689.90
159	 959	D	 30	R	    4	 1.50	 1.50	   691.40
159	 959	D	 30	R	    5	 1.50	 1.50	   692.90
159	 959	D	 30	R	    6	 1.23	 1.23	   694.40
159	 959	D	 30	R	   CC	 0.05	 0.05	   695.63	5 TO PALEO
159	 959	D	 31	R	    1	 1.50	 1.50	   696.60
159	 959	D	 31	R	    2	 1.50	 1.50	   698.10
159	 959	D	 31	R	    3	 1.50	 1.50	   699.60
159	 959	D	 31	R	    4	 1.50	 1.50	   701.10
159	 959	D	 31	R	    5	 0.94	 0.94	   702.60
159	 959	D	 31	R	CC(5)	 0.21	 0.21	   703.54	4 CM TO PALEO
159	 959	D	 32	R	    1	 1.50	 1.50	   706.20	IW 135-150 CM.
159	 959	D	 32	R	    2	 1.50	 1.50	   707.70
159	 959	D	 32	R	    3	 1.06	 1.06	   709.20
159	 959	D	 32	R	CC(3)	 0.20	 0.20	   710.26	3 CM TO PALEO.
159	 959	D	 33	R	    1	 1.50	 1.50	   715.90
159	 959	D	 33	R	    2	 1.50	 1.50	   717.40
159	 959	D	 33	R	    3	 0.32	 0.32	   718.90
159	 959	D	 34	R	    1	 1.50	 1.50	   725.50
159	 959	D	 34	R	    2	 1.50	 1.50	   727.00
159	 959	D	 34	R	    3	 1.50	 1.50	   728.50
159	 959	D	 34	R	    4	 1.50	 1.50	   730.00
159	 959	D	 34	R	    5	 1.26	 1.26	   731.50	4 CM TO PALEO
159	 959	D	 35	R	    1	 1.50	 1.50	   735.20
159	 959	D	 35	R	    2	 1.50	 1.50	   736.70
159	 959	D	 35	R	    3	 1.50	 1.50	   738.20
159	 959	D	 35	R	    4	 1.50	 1.50	   739.70	IW 135-150 CM
159	 959	D	 35	R	    5	 1.50	 1.50	   741.20
159	 959	D	 35	R	    6	 1.50	 1.50	   742.70
159	 959	D	 35	R	    7	 0.69	 0.69	   744.20
159	 959	D	 35	R	CC(7)	 0.25	 0.25	   744.89	3 CM TO PALEO
159	 959	D	 36	R	    1	 1.50	 1.50	   744.90
159	 959	D	 36	R	    2	 1.50	 1.50	   746.40
159	 959	D	 36	R	    3	 1.50	 1.50	   747.90
159	 959	D	 36	R	    4	 1.37	 1.37	   749.40
159	 959	D	 36	R	   CC	 0.42	 0.42	   750.77	4 CM TO PALEO
159	 959	D	 37	R	    1	 1.50	 1.50	   754.50
159	 959	D	 37	R	    2	 1.50	 1.50	   756.00
159	 959	D	 37	R	    3	 1.50	 1.50	   757.50
159	 959	D	 37	R	    4	 0.31	 0.31	   759.00
159	 959	D	 37	R	CC(4)	 0.22	 0.22	   759.31	2 CM TO PALEO
159	 959	D	 38	R	    1	 0.75	 0.75	   764.20
159	 959	D	 38	R	CC(1)	 0.21	 0.21	   764.95	1 CM TO PALEO
159	 959	D	 39	R	    1	 1.50	 1.50	   773.80
159	 959	D	 39	R	    2	 1.50	 1.50	   775.30	IW TAKEN 135-150 CM
159	 959	D	 39	R	    3	 1.50	 1.50	   776.80
159	 959	D	 39	R	    4	 1.50	 1.50	   778.30
159	 959	D	 39	R	    5	 0.93	 0.93	   779.80
159	 959	D	 39	R	CC(5)	 0.27	 0.27	   780.73	3 CM TO PALEO
159	 959	D	 40	R	    1	 1.50	 1.50	   783.50
159	 959	D	 40	R	    2	 1.50	 1.50	   785.00
159	 959	D	 40	R	    3	 1.50	 1.50	   786.50
159	 959	D	 40	R	    4	 1.50	 1.50	   788.00
159	 959	D	 40	R	    5	 1.50	 1.50	   789.50
159	 959	D	 40	R	    6	 1.09	 1.09	   791.00
159	 959	D	 40	R	CC(6)	 0.12	 0.12	   792.09	4 CM TO PALEO
159	 959	D	 41	R	    1	 1.50	 1.50	   793.00
159	 959	D	 41	R	    2	 1.50	 1.50	   794.50
159	 959	D	 41	R	    3	 1.50	 1.50	   796.00
159	 959	D	 41	R	    4	 1.50	 1.50	   797.50	150-154CM EXPANDED IN RACK-PUT IN OWN BAG
159	 959	D	 41	R	    5	 1.50	 1.50	   799.00
159	 959	D	 41	R	    6	 0.98	 0.98	   800.50
159	 959	D	 41	R	CC(6)	 0.20	 0.20	   801.48	3 CM TO PALEO.
159	 959	D	 42	R	    1	 1.50	 1.50	   802.60
159	 959	D	 42	R	    2	 1.50	 1.50	   804.10
159	 959	D	 42	R	    3	 0.92	 0.92	   805.60
159	 959	D	 42	R	CC(3)	 0.21	 0.21	   806.52	4 CM TO PALEO.
159	 959	D	 43	R	    1	 1.50	 1.50	   812.30
159	 959	D	 43	R	    2	 1.50	 1.50	   813.80	IW 135-150 CM.
159	 959	D	 43	R	    3	 1.50	 1.50	   815.30
159	 959	D	 43	R	    4	 1.50	 1.50	   816.80
159	 959	D	 43	R	    5	 1.50	 1.50	   818.30
159	 959	D	 43	R	    6	 1.50	 1.50	   819.80
159	 959	D	 43	R	    7	 0.49	 0.49	   821.30
159	 959	D	 43	R	CC(7)	 0.16	 0.16	   821.79	3 CM TO PALEO.
159	 959	D	 44	R	    1	 0.20	 0.20	   821.90
159	 959	D	 44	R	    2	 1.50	 1.50	   822.10
159	 959	D	 44	R	    3	 1.50	 1.50	   823.60
159	 959	D	 44	R	    4	 1.50	 1.50	   825.10
159	 959	D	 44	R	    5	 1.50	 1.50	   826.60
159	 959	D	 44	R	    6	 1.50	 1.50	   828.10
159	 959	D	 44	R	    7	 1.50	 1.50	   829.60
159	 959	D	 44	R	    8	 0.57	 0.57	   831.10
159	 959	D	 44	R	CC(8)	 0.20	 0.20	   831.67	3 CM TO PALEO.
159	 959	D	 45	R	    1	 1.08	 1.08	   831.60
159	 959	D	 45	R	CC(1)	 0.03	 0.03	   832.68	3 CM TO PALEO - ALL TO PALEO.
159	 959	D	 46	R	    1	 1.00	 1.00	   841.30
159	 959	D	 46	R	    2	 0.63	 0.63	   842.30
159	 959	D	 46	R	CC(2)	 0.23	 0.23	   842.93	4 CM TO PALEO.
159	 959	D	 47	R	    1	 0.84	 0.84	   850.90	NO PALEO SAMPLE
159	 959	D	 48	R	    1	 1.50	 1.50	   860.60
159	 959	D	 48	R	    2	 1.50	 1.50	   862.10
159	 959	D	 48	R	    3	 1.50	 1.50	   863.60
159	 959	D	 48	R	    4	 1.50	 1.50	   865.10
159	 959	D	 48	R	    5	 1.50	 1.50	   866.60
159	 959	D	 48	R	    6	 0.35	 0.35	   868.10
159	 959	D	 48	R	CC(6)	 0.28	 0.28	   868.45	4 CM TO PALEO
159	 959	D	 49	R	    1	 1.50	 1.50	   870.20
159	 959	D	 49	R	    2	 1.50	 1.50	   871.70
159	 959	D	 49	R	    3	 1.50	 1.50	   873.20
159	 959	D	 49	R	    4	 1.50	 1.50	   874.70
159	 959	D	 49	R	    5	 1.50	 1.50	   876.20
159	 959	D	 49	R	    6	 1.16	 1.16	   877.70
159	 959	D	 49	R	   CC	 0.04	 0.04	   878.86	ALL TO PALEO
159	 959	D	 50	R	    1	 1.50	 1.50	   879.90
159	 959	D	 50	R	    2	 1.50	 1.50	   881.40
159	 959	D	 50	R	    3	 1.50	 1.50	   882.90
159	 959	D	 50	R	    4	 1.50	 1.50	   884.40
159	 959	D	 50	R	    5	 1.00	 1.00	   885.90
159	 959	D	 50	R	    6	 0.60	 0.60	   886.90
159	 959	D	 50	R	   CC	 0.03	 0.03	   887.50	3 CM TO PALEO
159	 959	D	 51	R	    1	 1.50	 1.50	   889.20
159	 959	D	 51	R	    2	 1.50	 1.50	   890.70
159	 959	D	 51	R	    3	 1.50	 1.50	   892.20
159	 959	D	 51	R	    4	 1.50	 1.50	   893.70
159	 959	D	 51	R	    5	 1.50	 1.50	   895.20
159	 959	D	 51	R	    6	 1.50	 1.50	   896.70
159	 959	D	 51	R	    7	 0.24	 0.24	   898.20
159	 959	D	 51	R	CC(7)	 0.33	 0.33	   898.44	3 CM TO PALEO
159	 959	D	 52	R	    1	 1.50	 1.50	   898.80
159	 959	D	 52	R	    2	 1.50	 1.50	   900.30	SPLIT LINER EARLY FOR ADDITIONAL PALEO SAMP,
159	 959	D	 52	R	    3	 1.50	 1.50	   901.80	(SEC2 - 126-150CM PIECES DISTURBED AND
159	 959	D	 52	R	    4	 0.77	 0.77	   903.30	REASSEMBLED)
159	 959	D	 52	R	CC(4)	 0.17	 0.17	   904.07	5 CM TO PALEO
159	 959	D	 53	R	    1	 0.29	 0.29	   908.50	DISTURBED - FROM CORE BARREL/OUT OF  LLINER
159	 959	D	 53	R	    2	 1.50	 1.50	   908.79	TOP 18CM DISTURBED - FROM CORE BARREL AS SEC1
159	 959	D	 53	R	    3	 1.50	 1.50	   910.29
159	 959	D	 53	R	    4	 1.50	 1.50	   911.79
159	 959	D	 53	R	    5	 1.50	 1.50	   913.29
159	 959	D	 53	R	    6	 1.50	 1.50	   914.79
159	 959	D	 53	R	    7	 1.50	 1.50	   916.29
159	 959	D	 53	R	    8	 0.62	 0.62	   917.79
159	 959	D	 53	R	CC(8)	 0.25	 0.25	   918.41	5 CM TO PALEO.
159	 959	D	 54	R	    1	 1.50	 1.50	   918.10	WR 89 -99 CM SUMITO MORITA
159	 959	D	 54	R	    2	 1.50	 1.50	   919.60
159	 959	D	 54	R	    3	 1.07	 1.07	   921.10
159	 959	D	 54	R	CC(3)	 0.12	 0.12	   922.17	3 CM TO PALEO.
159	 959	D	 55	R	    1	 0.26	 0.26	   927.80	DISPLACED FROM LINER - FROM CORE BARREL
159	 959	D	 55	R	    2	 1.50	 1.50	   928.06
159	 959	D	 55	R	    3	 1.50	 1.50	   929.56
159	 959	D	 55	R	    4	 1.50	 1.50	   931.06
159	 959	D	 55	R	    5	 1.50	 1.50	   932.56
159	 959	D	 55	R	    6	 1.50	 1.50	   934.06
159	 959	D	 55	R	    7	 1.50	 1.50	   935.56
159	 959	D	 55	R	    8	 0.46	 0.46	   937.06
159	 959	D	 55	R	CC(8)	 0.21	 0.21	   937.52	3 CM TO PALEO.
159	 959	D	 56	R	    1	 1.50	 1.50	   937.40
159	 959	D	 56	R	    2	 1.50	 1.50	   938.90
159	 959	D	 56	R	    3	 1.50	 1.50	   940.40
159	 959	D	 56	R	    4	 1.50	 1.50	   941.90
159	 959	D	 56	R	    5	 1.50	 1.50	   943.40
159	 959	D	 56	R	    6	 1.50	 1.50	   944.90
159	 959	D	 56	R	    7	 0.64	 0.64	   946.40
159	 959	D	 56	R	CC(7)	 0.30	 0.30	   947.04	3 CM TO PALEO.
159	 959	D	 57	R	    1	 1.50	 1.50	   947.10
159	 959	D	 57	R	    2	 1.50	 1.50	   948.60
159	 959	D	 57	R	    3	 1.50	 1.50	   950.10
159	 959	D	 57	R	    4	 1.50	 1.50	   951.60
159	 959	D	 57	R	    5	 0.76	 0.76	   953.10
159	 959	D	 57	R	   CC	 0.05	 0.05	   953.86	ALL TO PALEO
159	 959	D	 58	R	    1	 1.50	 1.50	   956.80
159	 959	D	 58	R	    2	 0.80	 0.80	   958.30
159	 959	D	 58	R	    3	 1.50	 1.50	   959.10
159	 959	D	 58	R	    4	 0.99	 0.99	   960.60
159	 959	D	 58	R	CC(4)	 0.03	 0.03	   961.59	3 CM TO PALEO - ALL TO PALEO
159	 959	D	 59	R	    1	 1.50	 1.50	   966.50
159	 959	D	 59	R	    2	 1.50	 1.50	   968.00
159	 959	D	 59	R	    3	 1.50	 1.50	   969.50
159	 959	D	 59	R	    4	 1.50	 1.50	   971.00
159	 959	D	 59	R	    5	 0.82	 0.82	   972.50
159	 959	D	 59	R	CC(5)	 0.45	 0.45	   973.32	3 CM TO PALEO.
159	 959	D	 60	R	    1	 1.50	 1.50	   976.10
159	 959	D	 60	R	    2	 1.50	 1.50	   977.60
159	 959	D	 60	R	    3	 1.50	 1.50	   979.10
159	 959	D	 60	R	    4	 1.50	 1.50	   980.60
159	 959	D	 60	R	    5	 1.38	 1.38	   982.10
159	 959	D	 60	R	   CC	 0.23	 0.23	   983.48	3 CM TO PALEO
159	 959	D	 61	R	    1	 1.50	 1.50	   985.80
159	 959	D	 61	R	    2	 1.50	 1.50	   987.30
159	 959	D	 61	R	    3	 1.50	 1.50	   988.80
159	 959	D	 61	R	    4	 0.66	 0.66	   990.30
159	 959	D	 61	R	CC(4)	 0.24	 0.24	   990.96	4 CM TO PALEO
159	 959	D	 62	R	    1	 1.50	 1.50	   995.40
159	 959	D	 62	R	    2	 1.50	 1.50	   996.90
159	 959	D	 62	R	    3	 1.50	 1.50	   998.40
159	 959	D	 62	R	   CC	 0.27	 0.27	   999.90	3 CM TO PALEO
159	 959	D	 63	R	    1	 1.50	 1.50	  1005.00
159	 959	D	 63	R	    2	 1.50	 1.50	  1006.50
159	 959	D	 63	R	    3	 1.50	 1.50	  1008.00
159	 959	D	 63	R	    4	 1.50	 1.50	  1009.50
159	 959	D	 63	R	    5	 1.50	 1.50	  1011.00
159	 959	D	 63	R	    6	 1.50	 1.50	  1012.50
159	 959	D	 63	R	    7	 0.26	 0.26	  1014.00
159	 959	D	 63	R	   CC	 0.03	 0.03	  1014.26	ALL TO PALEO
159	 959	D	 64	R	    1	 1.50	 1.50	  1014.70
159	 959	D	 64	R	    2	 1.50	 1.50	  1016.20	WR 62 - 78 CM - MARIA ASK
159	 959	D	 64	R	    3	 1.50	 1.50	  1017.70
159	 959	D	 64	R	    4	 1.50	 1.50	  1019.20
159	 959	D	 64	R	    5	 1.50	 1.50	  1020.70
159	 959	D	 64	R	    6	 0.33	 0.33	  1022.20
159	 959	D	 64	R	CC(6)	 0.21	 0.21	  1022.53	2 CM TO PALEO
159	 959	D	 65	R	    1	 1.50	 1.50	  1024.10	CORE IN BARREL PATCHED ON
159	 959	D	 65	R	    2	 1.50	 1.50	  1025.60	WR 117 - 126 CM SUMITO MORITA
159	 959	D	 65	R	    3	 1.50	 1.50	  1027.10
159	 959	D	 65	R	    4	 1.50	 1.50	  1028.60
159	 959	D	 65	R	    5	 1.50	 1.50	  1030.10
159	 959	D	 65	R	    6	 1.50	 1.50	  1031.60
159	 959	D	 65	R	    7	 0.74	 0.74	  1033.10
159	 959	D	 65	R	CC(7)	 0.14	 0.14	  1033.84	3 CM TO PALEO
159	 959	D	 66	R	    1	 1.50	 1.50	  1033.70
159	 959	D	 66	R	    2	 1.50	 1.50	  1035.20
159	 959	D	 66	R	    3	 1.50	 1.50	  1036.70
159	 959	D	 66	R	    4	 1.50	 1.50	  1038.20
159	 959	D	 66	R	    5	 1.50	 1.50	  1039.70
159	 959	D	 66	R	    6	 1.50	 1.50	  1041.20
159	 959	D	 66	R	    7	 0.30	 0.30	  1042.70
159	 959	D	 66	R	CC(7)	 0.38	 0.38	  1043.00	2 CM TO PALEO.
159	 959	D	 67	R	    1	 1.50	 1.50	  1043.30	WR 42 - 58 CM MARIA ASK
159	 959	D	 67	R	    2	 1.46	 1.46	  1044.80
159	 959	D	 67	R	   CC	 0.19	 0.19	  1046.26	3 CM TO PALEO.
159	 959	D	 68	R	    1	 1.05	 1.05	  1053.00
159	 959	D	 68	R	CC(1)	 0.15	 0.15	  1054.05	2 CM TO PALEO.
159	 959	D	 69	R	    1	 0.85	 1.02	  1062.70	2CM TO PALEO 89-91 CM
159	 959	D	 70	R	    1	 0.30	 0.43	  1072.40	1 CM TO PALEO
159	 959	D	 71	R	    1	 1.27	 1.27	  1081.70
159	 959	D	 71	R	CC(1)	 0.16	 0.16	  1082.97	2 CM TO PALEO
159	 959	D	 72	R	    1	 1.50	 1.50	  1091.20
159	 959	D	 72	R	    2	 1.50	 1.50	  1092.70
159	 959	D	 72	R	    3	 1.50	 1.50	  1094.20	WR 72 - 82 CM SUMITO MORITA
159	 959	D	 72	R	    4	 0.59	 0.59	  1095.70
159	 959	D	 72	R	CC(4)	 0.22	 0.22	  1096.29	3 CM TO PALEO
159	 959	D	 73	R	    1	 1.50	 1.50	  1100.80
159	 959	D	 73	R	    2	 1.04	 1.04	  1102.30
159	 959	D	 73	R	CC(2)	 0.25	 0.25	  1103.34	3 CM TO PALEO
159	 959	D	 74	R	    1	 1.50	 1.50	  1110.50
159	 959	D	 74	R	    2	 1.02	 1.02	  1112.00
159	 959	D	 74	R	CC(2)	 0.21	 0.21	  1113.02	TRACE TO PALEO
159	 959	D	 75	R	    1	 1.50	 1.50	  1120.20
159	 959	D	 75	R	    2	 0.23	 0.23	  1121.70
159	 959	D	 75	R	CC(2)	 0.21	 0.21	  1121.93	TRACE TO PALEO.
159	 959	D	 76	R	    1	 1.50	 1.50	  1129.80
159	 959	D	 76	R	    2	 0.93	 0.93	  1131.30
159	 959	D	 76	R	CC(2)	 0.19	 0.19	  1132.23	2 CM TO PALEO
159	 959	D	 77	R	    1	 1.50	 1.50	  1139.50
159	 959	D	 77	R	    2	 0.86	 0.86	  1141.00
159	 959	D	 77	R	CC(2)	 0.21	 0.21	  1141.86	2 CM TO PALEO
159	 959	D	 78	R	    1	 1.50	 1.50	  1149.20
159	 959	D	 78	R	    2	 1.50	 1.50	  1150.70
159	 959	D	 78	R	    3	 1.50	 1.50	  1152.20	WR 50 - 60 CM SUMITO MORITA
159	 959	D	 78	R	    4	 1.50	 1.50	  1153.70
159	 959	D	 78	R	    5	 1.50	 1.50	  1155.20
159	 959	D	 78	R	    6	 1.50	 1.50	  1156.70
159	 959	D	 78	R	    7	 0.36	 0.36	  1158.20
159	 959	D	 78	R	CC(7)	 0.20	 0.20	  1158.56	4 CM TO PALEO
